Métrica	Valor			
Total de Testes no Plano	204			
Testes Avaliados	204			
✅ OK (Passou)	119			
❌ NOK (Falhou)	0			
⏳ Pendente (Bloqueado)	85			
— Não Mapeado	0			
				
Taxa de Aprovação (OK/Avaliados)	58.3%			
Taxa de Cobertura (Avaliados/Total)	100.0%			
				
Data de Execução	2026-06-05			
Executor	Abacus AI Agent (SSH + API + Code Analysis + Screenshots)			
Ambiente	solucoesetao.com.br (Produção)			
Plugin	tao-crm v1.7.0			
Servidor	Hostinger CloudLinux 8			
				
NOTA	Servidor apresentou HTTP 429 (rate limiting) durante testes de UI. Testes de UI pendentes requerem nova sessão quando servidor normalizar.			
				
				
RESULTADOS POR BLOCO				
Bloco	Total	OK	NOK	Pendente
1 — Navegação e Layout	9	7	0	2
2 — TAO Neo: Config. Negócio	9	1	0	8
3 — TAO Neo: Operações	6	0	0	6
4 — TAO CRM: Configurações	30	21	0	9
5 — TAO CRM: Operações	35	16	0	19
6 — Controle de Acesso	7	4	0	3
7 — Integrações	8	8	0	0
8 — CSAT e Delivery Status	5	5	0	0
9 — Homologação Magis-TAO: Fluxo Real	10	3	0	7
10 — Concorrência e Uso Simultâneo	6	1	0	5
11 — Falhas, Resiliência e Recuperação	7	7	0	0
12 — Carga, Volume e Performance	6	0	0	6
13 — IA, Contexto e Qualidade de Resposta	8	2	0	6
14 — Segurança, Permissões e LGPD	8	8	0	0
15 — Billing, Planos e Provisionamento	6	5	0	1
16 — Backup, Restore, Auditoria e Logs	7	6	0	1
17 — Operação Final Magis-TAO / Go-Live	5	3	0	2
9 — Multi-instância WhatsApp	18	11	0	7
10 — Webhook Auto + Instância Origem + Devolver ao Chatbot	14	11	0	3
