codigo_fc;ativo;dcb;teor_pct;densidade;fator_diluicao;_puro_nome;markup_preco
41024;UNHA GATO PO;;;0.54;;;
31138;SULBUTIAMINA;08097          ;;0.36;;;
37364;INDAPAMIDA DILUIDO;04875          ;;;;;
40982;AC ELAGICO;;;0.47;2.42;;
24398;GLUCONOLACTONA;;;;;;5.0
40984;ATORVASTATINA CALCICA NAO TEM;;;0.23;;;
31870;LIPOREDUCTYL;;;1.103;;;4.5
41872;DERMOCHORELLA;;;;;;3.5
35379;VIT K1 INTERNO;04060          ;;;;;
34717;LIDO;05313          ;;0.4;;;
37155;BIO ARCT;;;0.97;;;4.0
33326;RESVERATROL;;;0.53;;;5.0
34324;TCM LIQUIDO;;;;;;5.0
37929;AC FERULICO;;;0.5;;;
39968;PROPOLIS EXT SECO;;;0.55;;;
32545;POLICOSANOL;;;0.43;2.35;;
34379;INDOL 3 CARBINOL;;;0.45;;;4.0
34213;HIDROXIMETILBUTIRATO;;;0.38;;;
40874;TIMOMODULINA MP.;08605          ;;;;;4.8
34380;L THEANINA;;;0.42;;;5.0
38744;CHA BRANCO EXT SECO;;;0.4;;;3.5
41507;CHOCOLATE 70%;;;;;;5.0
41771;BACOPA MONIERE EXTRATO SECO;;;0.5;;;
41681;FUCUS EXT SECO;;;0.5;;;
40374;PHOLIA MAGRA;;;0.51;;;
11073;KSM-66;;;0.53;;;3.5
10865;PICOLINATO DE CROMO 1:100;;;0.49;100.0;PICOLINATO DE CROMO MP;
10931;LACTOB DELBRUECK;;;0.49;;;5.0
40412;FATOR VEGF;;;;;;3.5
39416;SHAMPOO PEROLADO;;;;;;4.5
40475;BIOEX ANTI-OLEOSIDADE;;;;;;3.5
34310;DRY FLO PC#;;;0.61;;;3.5
40416;FATOR TGF B 3;;;;;;4.5
33687;TADALAFILA MP;08253          ;;0.42;;;6.0
38968;ACNEBIOL;;;;;;4.5
24445;DMAE BASE LIQ 41,5%-AL;;;;;;4.5
10843;LACTOB CRISPATUS;;;0.53;;;5.0
41614;VIT D3  MP PURA;02569          ;;;;;9.5
40357;FATOR IGF;;;;;;5.0
10844;MICROESFERAS POLIETILLENO;;;;;;5.5
25182;LACTIL;;;;;;4.5
42194;UVA URSI PO;;;0.52;;;4.5
39417;SHAMPOO TRANSPARENTE;;;;;;4.5
37872;BENFOTIAMINA;01107          ;;;;;5.0
11454;DEXAMETASONA 1:10;;;;10.0;DEXAMETASONA BASE MP#;
24422;HIDROCORT;04664          ;;0.27;;;
37999;EZETIMIBE;03779          ;;0.22;;;
31431;PREDNISOLONA BASE NAO TEM;07333          ;;;;;
11238;CITRUSIM;;;0.55;;;5.0
42679;L- CARNOSINA#;;;;;;3.5
30682;SILICONE DC 193#;;;;;;4.0
40270;ESPINHEIRA SANTA EXT SECO.. #;;;0.64;;;4.0
12243;MOROS;;;0.55;;;
37196;SCULPTESSENCE;;;;;;4.5
33788;BEANBLOCK;;;;;;4.5
11429;CELLACTIVE WHITE;;;;;;4.5
41776;AYSLIM MANGA AFRICANA;;;0.4;;;
34829;BUMET;01536          ;;;;;
33925;WNF-OLEO ESSENCIAL EUCALIPTO 1;;;;;;4.5
33502;CRISINA;;;0.3;;;4.0
32150;TRANSCUTOL;;;0.998;;;
33322;SUCRALOSE;09562          ;;0.47;;;2.5
11455;COMPLEXO B;;;0.52;;;
39645;RED Y;;;0.66;;;3.5
23818;TESTOSTERONA BASE;08448          ;;0.4;;;4.5
34830;CETOTIFENO FUMARATO;01968          ;;0.29;;;
34832;CLONAZEPAM 1:50;02300          ;;;50.0;CLONAZEPAM MP;
11311;MELATONINA 1:10;;;0.53;10.0;(NÃO ENCONTRADO — revisar);4.5
35366;LACTOB RHAMNOSUS;;;0.56;;;5.0
10986;VIT D3   1:1000  LIQUIDA;;;;1000.0;(NÃO ENCONTRADO — revisar);
33905;OL ESS LAVANDA;;;;;;4.5
69917;ABACATEIRO PO;;;0.49;;;
50052;AC ACETICO;00086          ;;0.93;;;
50064;AC ACETIL SALICILICO;00089          ;;;;;
50076;AC ASPARTICO;00108          ;;;;;
50118;AC BORICO;00116          ;;0.49;;;5.0
50120;AC CITRICO;00134          ;;0.84;;;
2358;AC FITICO;00188          ;;;;;5.0
50155;AC FOLICO;00194          ;;0.36;;;4.5
35354;CRANBERRY EXTR SECO;;;0.55;;;4.0
50180;AC GLUTAMICO;00230          ;;;;;
2161;AC KOJICO;;;0.54;;;
50209;AC LATICO;00274          ;;;1.17;;4.0
1401;AC ALFA LIPOICO;00361          ;;0.44;;;5.0
97974;AC MALICO;09396          ;;0.64;;;3.84
50210;AC MANDELICO#;00282          ;;;;;3.5
50222;AC NICOTINICO;00296          ;;0.72;;;4.5
10927;LACTOB NAO USAR;;;0.45;;;
50246;PABA;00098          ;;0.23;;;
417;AC RETINOICO;08848          ;;;;;4.5
50283;AC SALICILICO;00340          ;;0.57;;;3.5
469;COLAGENO TIPO II;;;0.58;;;6.0
50325;AC TARTARICO;00350          ;;1.03;;;
50337;AC TRICLOROACETICO NAO TEM;00366          ;;;;;
34862;FLUOCINOLONA NAO USAR;04159          ;;;;;
1990;ACECLOFENACO;00027          ;;;;;
35889;ACETIL L CARNITINA HCL;;;0.48;;;4.5
4861;ACETONA  PA;;;1.3;;;
6692;ADENIN;;;0.511;;;
50362;AEROSIL;;;0.14;;;4.84
50878;AGAR AGAR;09547          ;;0.57;;;4.5
8471;AGNUS CASTUS;;;0.53;;;
60021;AGUA PURIFICADA;09879          ;;;;;
11050;F4T REDUX;;;0.76;;;4.0
50490;ALCOOL CEREAIS;;;;;;2.5003
50477;AL ETILICO;00475          ;;;;;
50489;ALCOOL ISOPROPILICO;00476          ;;;;;
50404;ALANINA;00451          ;;;;;
50416;ALANTOINA;00453          ;;0.52;;;3.5
61098;LICORICE;;;0.72;;;4.8
36511;ALENDRONATO SODIO;00097          ;;0.32;1.31;;7.0
1463;ALFA AMILASE;09355          ;;0.49;;;4.8
10601;ALFA BISABOLOL#;;;;;;5.0
70210;ALFAFA;;;0.27;;;
6035;ALISTIN;;;;;;3.5
3123;ALLIUM SATIVUM;;;0.6;;;
50568;ALOINA;09893          ;;0.52;;;4.0
50830;ALOPURINOL;00585          ;;0.37;;;
41257;ALPRAZOLAM ?;00597          ;;;;;
9519;AMBROXOL HCL;00632          ;;;;;3.5
14592;AMIDO FARMACEUTICO;;;0.5;;;3.0
50763;AMIDO MILHO;00657          ;;;;;
58026;AMITRIPTILINA HCL;00712          ;;;;;
23138;AMORA USAR EXT SECO;;;0.53;;;
13421;DEXAM;;;;50.0;;
50659;ARGININA HCL;00869          ;;0.55;;;4.5
38478;EMULFIT 415#;;;;;;3.5
1769;BASE SHAKE BAUNILHA PO#;;;;;;3.0
1768;AROMA LARANJA PO;;;0.72;;;
11376;METILCOBALAMINA 1:10  (OROTAB);;;;10.0;METILCOBALAMINA MP;
3762;ASCORBASILANE C;;;;;;4.5
1459;ASCORBATO CALCIO;00106          ;;0.81;;;
1460;ASCORBATO MAGNESIO;;;0.78;;;4.0
1461;ASCORBATO SODIO;00107          ;;;;;
50842;ASIATICOSIDE;00895          ;;0.63;;;
7778;ASPARTATO ARGININA#;00868          ;;0.83;;;3.5
4689;ASPARTATO CALCIO;00109          ;;;;;
41270;ASPARTATO MAGNESIO.;00110          ;;0.61;1.02;;6.0
41282;ASPARTATO POTASSIO;00111          ;;;5.0;;
22794;ASTRAGALUS ES #;;;0.64;;;3.5
61281;ATENOLOL;00911          ;;0.43;;;
51070;BETACAROTENO;01191          ;;0.5;5.0;;4.85
51366;BENZOATO SODIO;01157          ;;;;;
59924;BENZOBROMARONA;01130          ;;;;;
21397;BERBERINA;08163          ;;0.43;;;5.0
3747;BERINJELA ES;;;;;;5.0
4384;BESILATO ANLODIPINA;00805          ;;0.45;1.39;;
10930;POMEGRANATO-ROMA;;;0.61;;;
51305;TRIMETILGLICINA;01200          ;;0.65;;;5.0
8335;BETAINA HCL;01202          ;;0.75;;;4.5
71031;BEZAFIBRATO;01240          ;;0.32;;;
14217;BHT. #;01627          ;;0.78;;;3.5
51093;BICARBONATO SODIO;01249          ;;1.2;;;
37754;CAVALINHA EXT SECO;;;0.35;;;3.5
10327;BIOEX CAPILAR;;;;;;3.0
38015;BIOTINA MP;01279          ;;0.42;;;
1239;BIOWHITE;;;;;;6.0
41312;BISACODIL;01287          ;;;;;
51135;BITARTARATO COLINA;02579          ;;0.73;;;4.85
25460;BORO QUELADO;;;0.5;20.0;;5.5
1596;BOSWELLIIA SERRATA;;;0.45;;;4.85
635;ESPESSANTE P/SHAMPOO;;;;;;2.0
36712;CAP VEGETAL INC 00;;;;;;5.0
58040;BROMAZEPAM MP;01366          ;;;;;
54781;BROMELAINA;01368          ;;0.47;;;4.5
41197;BOLDO EXT SECO;;;0.42;;;
51342;BROMOPRIDE;01471          ;;0.63;;;
51226;BUCLISINA HCL;01504          ;;0.19;;;
21917;BUDESONIDA;01512          ;;;;;3.5
66837;BUSPIRONA HCL;01565          ;;;;;4.5
4431;MALATO CALCIO;;;0.6;;;3.0
4327;CALCIO QUELADO;;;0.7;3.5;;4.5
9621;CALCIUM PYRUVATE;;;;;;3.5
47995;CAMOMILA EXT  SECO..;;;0.53;;;4.0
51482;CANFORA;01677          ;;0.45;;;4.0
29737;CAP ENTERICA 00-INCOLOR;;;;;;3.0
5150;CAP GELAT INCOL 0;;;;;;4.8
5265;CAP GELAT INCOL 2;;;;;;4.5
5277;CAP GELAT INCOL 3;;;;;;4.5
4672;CAP VEGETAL INC  0;;;;;;4.0
11072;DEXAMETASONA BASE 1:100 NAO;;;;100.0;DEXAMETASONA BASE MP#;
51536;CARB MAGNESIO;01750          ;;;;;
51561;CARBOPOL PO 940;01745          ;;;;;
51597;POLIETILENOGLICOL(PEG) 4000;05474          ;;1.1;;;4.0
51573;CMC;01777          ;;0.62;;;4.84
59043;CARISOPRODOL;01773          ;;0.52;;;
51615;CARQUEJA;;;0.31;;;
11106;CLOBETASOL PROP 1:100;;;;100.0;CLOBETASOL PROP MP PURA;
22807;CASSIOLAMINA;;;0.6;;;4.5
51652;CATUABA;;;0.5;;;3.0
8418;CELULOSE MICROCRISTALINA;09371          ;;0.54;;;
39834;CENTELLA  ASIATICA ES;;;0.71;;;4.0
39835;PROPOLIS VERDE;;;0.54;;;
51676;CERA DE ABELHA;8012893        ;;;;;
4091;CETIRIZINE DICLOR;01949          ;;0.36;;;4.0
59950;CETOPROFENO;01960          ;;0.28;;;
46425;CHAPEU DE COURO;;;0.286;;;
2506;QUITOSANA;;;0.52;;;5.5
79;CICLOBENZAPRINA HCL;02013          ;;0.37;;;5.0
51720;CIMETIDINE NAO TEM;02073          ;;0.45;;;4.5
22664;CITRATO CALCIO;;;0.4;;;5.0
23115;CITRATO CLOMIFENO;02293          ;;0.26;;;5.0
23670;CITRATO COLINA;02580          ;;;;;4.8
3396;CITRATO DE MAGNESIO;02180          ;;0.81;;;5.0
51755;CITRATO  POTASSIO;09373          ;;1.07;;;4.5
5324;TAMOXIFENO CITRATO;08285          ;;;;;5.0
22086;CITRATO ZINCO;02184          ;;;3.15;;4.0
22097;L CITRULINA DI MALATO#;02190          ;;;;;
5534;CITRUS AURANTIUM;;;0.6;;;5.0
25115;COLLEUS FORSKOLII;;;0.63;;;5.0
10662;CL CALCIO ANIDRO;02369          ;;0.95;;;
2687;CL ESTRONCIO;02387          ;;0.55;;;3.5
51846;CL MAGNESIO HEXAHIDRATADO;02400          ;;;;;
4872;CL POTASSIO LIQUIDO;;;1.1338;;;
62571;CLONAZEPAM MP;02300          ;;0.27;;;4.0
22116;CLOPIDOGREL BISSULFATO;02318          ;;0.74;;;
37453;CASTANHA INDIA ES..;;;0.54;;;4.0
2656;CLORELLA PO;;;0.55;;;4.0
22366;DIGLUCONATO CLORHEXIDINA;02437          ;;;2.0;;4.5
18773;CAP CLOROFILA 00 VERDE/VERDE;02477          ;;;;;
51949;CLOROFORMIO;;;0.95;;;
31586;CLOTRIMAZOL;02529          ;;;;;
1296;COBRE QUELADO;;;0.67;5.18;;4.8
19069;COCOAMIDOPROPIL BETAINA;02543          ;;1.05;;;
50556;COBAMAMIDA MP;02541          ;;0.48;;;2.5
38702;COENZIMA Q-10;09005          ;;0.45;;;5.0
51962;COLAGENO TOPICO;02566          ;;;;;
57710;COLCHICINA MP?;02567          ;;;;;
3812;CREATINA MONOHIDRATADA;;;0.9;;;4.0
756;CROCUS SATIVUS;;;0.54;;;4.84
10996;SILICIUM MAX;;;0.55;;;4.5
1867;CROMO QUELADO;;;0.7;8.53;;5.0
52139;CROMOGLICATO SODIO;00156          ;;0.4;;;4.0
52553;D;02855          ;;;;;
55463;PANTOTENATO DE CALCIO;00317          ;;0.64;;;
19495;DEFLAZACORT;02728          ;;0.21;;;5.0
35104;ESCITALOPRAM OXALATO;03513          ;;0.35;;;5.0
75607;DESONIDE;02797          ;;0.39;;;5.0
2851;DIACEREINA;02892          ;;0.23;;;4.5
58129;DIAZEPAM MP;02904          ;;;;;
73866;DICLOFENACO POTASSIO;02929          ;;;;;
52565;DICLOFENACO SODICO;02930          ;;;;;
40799;SAW PALMETO EXT SECO;;;0.37;;;
52292;DIFOSFATO  CLOROQUINA;02489          ;;0.77;;;5.0
35590;GABAPENTINA;04369          ;;0.44;;;5.0
5671;DILTIAZEN HCL;03038          ;;0.26;;;4.5
52528;DIMETILSULFOXIDO;03066          ;;;;;3.5
3539;DIOSMINA;03096          ;;0.5;;;5.0
73830;DIOXIDO SILICIO AEROSIL;09428          ;;;;;
17188;DIOXIDO TITANIO;03108          ;;;;;
11142;LIFESOLIC;;;0.35;;;
55050;DIPIRONA SODICA;09564          ;;0.56;;;
8706;SAME DISSULFATO TOSILATO;00417          ;;0.46;;;4.0
23067;DMAE BITARTARATO;01304          ;;0.45;;;
11265;DOMPERIDONA;03179          ;;;;;4.5
4201;DONG QUAI;;;;;;4.5
32020;ESS PITANGA;;;0.9;;;
52577;EDTA DISSODICO;0173           ;;0.43;;;
8685;ELASTOCELL;;;;;;4.5
805;STREPTOCOCCUS FAECIUM 1;;;0.62;;;
3840;ENXOFRE LIQUIDO;;;;;;4.5
52693;ESPIRONOLACTONA;03561          ;;0.2;;;
38488;MUCUNA EXT SECO;;;0.8;;;5.0
52760;ESTEARATO MAGNESIO;03577          ;;0.46;;;
61440;ESTRIOL MP;09436          ;;;;;3.0
23477;EXCIP FITOTER HIGROSCO;;;;;;3.0
53090;TINT PARIPAROBA;;;;;;8.0
18272;EXT GLIC ARNICA;;;1.019;;;5.0
70154;EXT GLIC BABOSA#;;;;;;3.5
267;EXT GLIC CALENDULA#;;;;;;3.5
20175;EXT GLIC CAMOMILA;;;;;;5.5
71699;EXT GLICOL CAST INDIA#;;;;;;3.5
71705;EXT GLICOL CENT ASIAT;;;0.98;;;
71687;EXT GLIC HAMAMELIS;;;;;;5.5
33250;ALCACHOFRA ES;;;0.7;;;4.5
6911;BETERRABA EXT SECO;;;0.65;;;
64932;CASCARA SAGRADA EXT SECO;;;0.57;;;4.5
8228;CIMICIFUGA EXT SECO;;;0.55;;;4.8
10852;GAMMA ORYZANOL;;;0.31;;;3.5
1269;KAWA KAWA ES;;;0.46;;;5.0
34836;COLCHICINA 1:100?;02567          ;;;100.0;(NÃO ENCONTRADO — revisar);
37359;PANTOPRAZOL PELLETS;;;0.78;6.66;;2.0
66801;FAMOTIDINA;03785          ;;0.35;;;5.0
41692;ASHWAGANDHA;;;0.55;;;
9598;FASEOLAMINA;;;0.58;;;
53545;FENILALANINA;03919          ;;0.48;;;
6565;FENOFIBRATO;03967          ;;0.62;;;
12440;FERRO QUELADO;;;0.77;4.0;;4.8
4885;FERRO QUELADO TASTE FREE;;;0.4;3.0;;
1421;FINASTERIDA MP;04055          ;;;;;4.0
31550;FLUCONAZOL;04109          ;;0.45;;;
61499;FLUNARIZINA HC;04150          ;;0.28;;;
53880;FLUOCINOLONA ACETONIDA MP;04159          ;;;;;
53600;FLUORETO DE SODIO NAO TEMOS;04170          ;;0.76;;;
67301;FLUOXETINA HCL;04177          ;;0.49;1.12;;4.5
1817;FOLINATO CALCIO #;00197          ;;0.33;;;3.5
15325;FOMBLIM HC/25;;;;;;4.5
53612;FORMOL - SEM ESTOQUE;04260          ;;;;;
3858;FOSFATIDILCOLINA;05187          ;;0.5;;;5.0
3404;FOSFATIDILSERINA;04276          ;;0.52;;;5.0
75656;FOSFATO CODEINA;02557          ;;0.38;;;
10989;FUCOXANTINA;;;0.53;;;5.0
14679;FOSFATO SODIO MONOHID;09331          ;;;;;
96;FOSFORO QUELADO;;;0.34;5.94;;7.0
8622;FOS;;;0.7;;;4.0
5402;FU;;;;;;3.5
24356;DENSISKIN;;;;;;4.5
53703;FUROSEMIDE;04361          ;;0.3;;;
61505;GABA;00099          ;;0.53;;;4.5
13080;GARCINIA CAMBODJA;;;0.61;;;4.5
6740;GARRA DIABO;;;0.55;;;5.0
60161;GEL CARBOPOL;;;;;;55.0
41890;GEL NATROSOL;;;;;;5.0
53934;GELATINA;04413          ;;0.62;;;
31874;UREIA;;;0.72;;;
31061;LACTOB ACIDOPHILUS;;;0.75;;;5.0
10854;AVOSOY;;;;;;4.0
33673;GOMA XANTANA;09628          ;;0.77;;;
11401;GEL TRANSDERMICO;;;;;;5.0
5002;GINSENG KOREANO;;;0.54;;;5.0
53971;GLICERINA VEGETAL;04469          ;;;;;
42067;GLICINA;04472          ;;0.84;;;
20741;GLIMEPIRIDA;04494          ;;0.26;;;
25155;TRIMEBUTINA MALEATO#;08910          ;;0.5;;;3.5
2016;GLUCAMATE DOE 120 MP;;;0.47;;;
54070;GLUCOMANNAN;;;0.9;;;4.84
1627;SULFATO DE GLUCOSAMINA;09391          ;;0.55;;;4.0
942;GLUTATHIONE;04521          ;;0.45;;;5.0
71055;GOMA GUAR;;;0.6;;;
37541;PASSIFLORA EXT SECO;;;0.55;;;5.0
22806;CHA VERDE EXT SECO;;;0.55;;;
11403;BIOINTESTIL;;;0.41;;;4.0
61773;GRISEOFULVINA;04536          ;;0.29;;;
54045;GUARANA EXT SECO #;;;0.5;;;3.5
36596;GYMNEMA  SYLVESTRE EXT SECO;;;0.55;;;5.0
69176;HEPARINA;04610          ;;;;;
3857;HESPERIDINA;04619          ;;0.56;;;4.8
11297;FOLLIDRONE;;;;;;4.0
54148;HIDROCLOROTIAZIDA;04652          ;;0.45;;;4.84
54150;HIDROCORTISONA;04666          ;;;;;4.0
54161;COLAGENO HIDROLISADO PO;;;0.48;;;5.0
54173;HIDROQUINONA;09457          ;;;;;
63435;HIDROXICLOROQUINA SULF;04691          ;;0.72;;;4.5
54215;HMB CALCIO;04696          ;;0.38;;;5.0
54203;HIDROXIDO SODIO  P.A;04699          ;;;;;
306;HIDROXIPROLISILANE;;;;;;4.0
38921;HIDROXITRIPTOFANO - 5 HTP;06767          ;;0.5;;;
54227;HIDROXIZINE HCL;04717          ;;0.38;;;3.5
61530;BUTIL BROMETO ESCOPOLAMINA MP;03517          ;;;;;1.5
54240;HIPOSSULFITO SODIO;08650          ;;;;;
61554;IBUPROFENO;04766          ;;0.46;;;
37437;PICOLINATO CROMO DILUIDO;;;;;;6.5871
5139;INDAPAMIDA.;04875          ;;0.32;;;
54306;INDOMETACINA;04889          ;;0.54;;;4.5
1513;INERTES  BRANCO REVES.;;;0.74;;;
54318;INOSITOL;09460          ;;0.76;;;4.0
54320;IODETO POTASSIO;04965          ;;1.19;;;
1809;IODO QUELADO;;;0.6;90.9;;4.5
54343;IODO RESSUBLIMADO;04893          ;;0.95;;;
11051;FILMEXEL#;;;;;;3.5
54367;IRGASAN NAO TEMOS;08881          ;;0.56;;;
6696;ISOFLAVONA;;;0.58;;;5.0
61578;ISOLEUCINA;05083          ;;0.51;;;5.0
7973;ITRACONAZOL PELLETS;05122          ;;0.84;4.0;;4.5
20851;IVERMECTINA;05128          ;;;;;
25975;HYPERICUM PERFORATUM;;;0.58;;;
54409;CETOCONAZOL;01956          ;;0.55;;;5.0
23254;L CARNITINA;05242          ;;0.49;;;5.5
51779;L CISTEINA HCL;02158          ;;0.55;;;
51780;L CISTINA.;02159          ;;0.69;;;
124;L GLUTAMINA;04518          ;;0.55;;;5.0
39408;L HISTIDINA HCL;04741          ;;0.96;;;4.0
54586;L LISINA HCL.;05350          ;;0.56;;;5.0
11629;PHYTGEN;;;0.4;;;2.18
55426;L ORNITINA HCL;06643          ;;0.29;;;5.0
57526;L TREONINA;08838          ;;0.73;;;5.0
3343;LACTASE;;;0.458;;;4.0
75620;LACTATO AMONIA;05138          ;;;1.96;;7.0
7593;BIFIDUM BACTERIUM  BIFIDUM;;;0.47;;;5.0
7594;LACTOB BULGARIC;;;0.53;;;5.0
1865;BACILLUS COAGULANS;;;0.5;;;4.5
54422;LACTOSE MONOHIDRATADA;05146          ;;0.53;;;
54616;LANOLINA;05161          ;;0.92;;;5.0
1509;LANZOPRAZOL PELLETS;05165          ;;0.8;11.44;;
52449;LAURIL ETER SULF SODIO;05177          ;;;;;
54446;LAURIL SULFATO SODIO;05178          ;;;;;
10933;CITRUS SINENSIS;;;0.65;;;5.0
50192;LECITINA SOJA PO;09542          ;;0.43;;;
20866;LEFLUNOMIDA;05192          ;;0.46;;;4.84
54471;LEUCINA;05215          ;;0.39;;;4.0
54483;LEVEDO DE CERVEJA;07547013       ;;0.68;;;
62194;LIPASE;09489          ;;0.56;;;4.8
6514;LIPOSSOMAS COENZIMA Q10#;;;;;;4.5
19665;LORATADINA;05416          ;;;;;
58166;LORAZEPAM MP;05417          ;;0.29;;;
4386;LOSARTAN POTASSIO;05432          ;;0.53;;;
4979;LUTEINA;;;0.49;9.9;;5.0
7814;LICOPENO 10%;09488          ;;0.58;5.0;;
7491;MACA PERUANA;;;0.55;;;5.0
1342;MAGNESIO QUELADO;;;0.5;2.7;;4.5
1413;MALEATO ENALAPRL;03370          ;;0.38;;;5.0
2027;MALTODEXTRINA;;;0.51;;;
4443;MANGANES QUELADO;;;0.72;5.64;;4.5
54847;MANITOL;10689          ;;0.39;;;4.0
41816;MANTEIGA KARITE;;;0.87;;;5.0
54860;MARAPUAMA;;;0.32;;;
23253;MATRIXIL 3000;;;;;;4.5
53910;MELISSA;;;0.324;;;5.0
1801;MELOXICAM;05619          ;;;;;
1007;MENTHA PIPERITA PO;;;0.3;;;
54719;MENTOL CRISTAL;05643          ;;0.47;;;4.0
12944;MESALAZINA;05692          ;;;0.82;;4.0
11130;BIFIDOBACTERIUM INFANTIS.;;;;;;4.5
5719;MESILATO DOXAZOSINA MP;03210          ;;;;;
54800;METABISSULFITO SODIO;05711          ;;0.55;;;
53533;METFORMINA;05782          ;;0.55;;;
5637;METHYL SULFONYL METANE;;;0.75;;;5.0
10998;OMEGA 3 PO;;;0.47;;;7.0
54768;MINOXIDIL BASE;05980          ;;0.68;;;5.0
21009;MIRTAZAPINA;06000          ;;0.53;;;5.0
19562;MOLIBDENIO QUELADO;;;0.64;41.49;;
21026;MONTELUCASTE SODIO;06072          ;;0.34;;;4.0
39041;CAP GELAT 4-BRANCA/ESCARLATE;;;;;;4.5
4285;N ACETILCISTEINA;00067          ;;0.68;;;
8529;NANO THIOGLYCOLIC#;;;;;;3.5
71018;NAPROXEN0 BASE;06233          ;;0.34;;;
1661;HIDROXIETILCELULOSE;04723          ;;;;;
2906;NET FS;;;;;;5.5
54951;NIACINAMIDA;06346          ;;0.57;;;4.5
3203;NADH;06166          ;;0.45;;;4.0
1892;NICOTINATO METILA;00299          ;;;;;
17735;NIMESULIDE;06391          ;;0.33;;;3.5
54963;NIPAGIM;05809          ;;0.61;;;
54975;NIPAZOL;07461          ;;0.54;;;
54987;NISTATINA;06410          ;;0.29;;;
54859;NITRATO MICONAZOL1;05929          ;;0.43;;;
10900;MOVE;;;0.49;;;3.5
65274;NORTRIPTILINA HCL;06524          ;;;;;
21092;OCITOCINA MP;06549          ;;0.15;;;4.0
72795;OCTOPIROX;07196          ;;0.31;;;
6914;OL ESS ALECRIM;;;;;;4.0
41660;OL CRAVO;03763          ;;;;;4.84
20746;OLEO GIRASSOL;;;0.91;;;7.0
21731;OL ESS LAVANDA;;;;;;4.5
1392;OL MELALEUCA;;;;;;4.0
60380;OL OLIVA;09472          ;;;;;
36316;CAPS OMEGA 3 1G;;;;;;2.0
1682;CAPS OMEGA 3 500MG ACABOU;;;;;;3.5
55300;OL ROSA MOSQUETA;;;;;;5.0
55335;OL UVA;;;;;;4.0
10919;DMG #;;;;;;3.5
6292;OMEGA 3 HO;;;;;;4.5
2288;OMEPRAZOL PELLETS 10%;06602          ;;0.78;11.66;;5.0
21112;ORLISTATE;06635          ;;0.52;;;4.5
10920;MORINGA EXT SECO;;;0.47;;;
55438;OXANDROLONA MP;06677          ;;0.64;;;5.0
50520;OXIDO MAGNESIO;06728          ;;0.5;;;5.0
60010;OXIDO ZINCO;06730          ;;0.57;;;
23431;PALMITATO ASCORBILA;137666         ;;0.28;;;3.5
55451;PANCREATINA;06811          ;;;;;4.0
5649;D PANTENOL;02855          ;;;;;5.0
2508;PANTOPRAZOL SODICO;06819          ;;;1.13;;4.0
55888;PAPAINA;06821          ;;0.47;;;4.0
37981;LACTOB CASEI;;;0.43;;;5.0
50015;PARACETAMOL;06827          ;;0.4;;;
40162;PAROXETINA HCL;06859          ;;0.49;1.14;;
68196;PATA DE VACA EXT SECO#;;;0.42;;;3.5
55920;PECTINA;06874          ;;0.56;;;
11421;OL GIRRASOL;;;;;;7.0
55517;PEPSINA;06963          ;;;;;4.5
38500;CAP ENTERICA 0-INCOLOR;;;;;;4.5
55554;PEROXIDO BENZOILA;07003          ;;;;;
1384;PINUS PINASTER EXTRACT;;;0.4;;;4.5
99989;PICOLINATO DE CROMO MP;;;0.33;5.0;;
10858;PHENIBUT;;;;;;4.84
55633;PILOCARPINA HC;07050          ;;;;;3.5
55864;PIRACETAM;07133          ;;0.85;;;
2192;PIRIDOXAL 5-FOSFATO;07164          ;;0.46;;;
56042;PIRITIONATO ZINCO;07183          ;;;;;
55591;PIROXICAM;07211          ;;;;;
55621;CREME NAO IONICO;;;;;;4.5
8606;POTASSIO QUELADO;;;0.92;4.71;;3.5
55955;PREDNISOLONA ACETATO;07334          ;;;;;
55669;PREDNISONA;07341          ;;0.48;;;4.5
55670;PROGESTERONA;07413          ;;;;;4.5
55682;PROLINA;07420          ;;;;;4.84
61633;PROMETAZINA HCL#;07431          ;;;;;5.0
55700;PROPILENOGLICOL;07455          ;;;;;4.5
52140;CLOBETASOL PROP MP PURA;02247          ;;;;;4.8
3342;PROTEASE;05840015       ;;0.48;;;4.8
71924;PSYLLIUN;;;0.55;;;5.0
10960;FLUOCINOLONA ACETONIDO 1:100;;;;100.0;(NÃO ENCONTRADO — revisar);
11534;METIONINA;;;0.41;;;5.0
23292;QUERCETINA;07537          ;;0.44;;;5.0
8909;RAFFERMINE?;;;1.011;;;5.5
56182;RANITIDINA HCL;07639          ;;0.66;;;5.0
23130;RED CLOVER -TREVO VERMELHO;;;0.43;;;5.0
22511;REMODULINE;;;1.024;;;4.0
32098;RESCUE FL - BACH;;;;;;6.0
46589;RESORCINA NAO TEM;07690          ;;;;;
12844;EGCG;;;0.55;;;5.0
8747;RESVERATROL EXTRATO;;;0.39;;;4.5
56121;RUTINA;07841          ;;0.55;;;
50106;SAIS BILIARES;;;0.42;;;4.0
39045;CAP GELAT 3-AZUL /BRANCO;;;;;;4.5
56285;SALICILATO METILA;00344          ;;1.18;;;4.0
10906;UC II;;;0.43;;;6.0
1134;SALSAPARRILHA PO #;;;0.55;;;3.5
25483;SELEGILINA HCL MP;07930          ;;;;;
1697;SELENIO QUELADO;;;0.59;83.0;;
58403;SENE;;;0.382;;;
346;SEPIGEL 305;;;0.98;;;
1237;SERINA;07954          ;;;;;
2190;SERTRALINA HCL;07964          ;;;1.12;;
21357;SIBUTRAMINA HCL;09375          ;;0.52;;;
21358;SILDENAFIL CITRATO;07991          ;;0.33;;;4.0
2810;SILICIO QUELATO;;;0.56;18.86;;5.0
8776;SILICONE VOLATIL;02023          ;;;;;
8777;SILICONE DC 9040#;;;;;;3.5
61682;SILIMARINA;08000          ;;0.4;;;
50751;SIMETICONE;08006          ;;0.44;;;4.5
37886;SINVASTATINA;08016          ;;0.28;;;
36331;AQUAPORINE;;;;;;3.5
3057;SOL DEXAMET ACETATO 1%;02819          ;;;;;
56418;SORBITOL LIQ;;;1.308;;;5.0
52711;ESPIRULINA;;;0.55;;;
56467;SULFACETAMIDA SODICA #;08108          ;;;;;3.5
68779;SULFADIAZINA PRATA;08118          ;;;;;
2509;SULFATO CONDROITINA;02597          ;;0.65;;;5.0
56546;SULFATO FERRO;08176          ;;0.55;;;4.5
56560;SULFATO MAGNESIO;08167          ;;;;;4.5
56571;SULFATO MANGANE;08169          ;;;;;4.5
5212;MINOXIDIL  (EXTERNO);09761          ;;;;;4.0
54938;SULFATO NEOMICINA;06284          ;;;;;
56601;SULFATO ZINCO;08174          ;;;;;3.5
3618;SULFA;09533          ;;;;;
56613;SULFETO SELENIO;08182          ;;0.44;;;7.0
56893;TALCO FARMACEUTICO PO;08264          ;;0.59;;;
31240;TAURINA;08306          ;;0.67;;;
13500;TENOXICAM;08393          ;;;;;4.8
3348;TERBINAFINA HCL;08410          ;;0.32;;;5.0
56972;LEVOTIROXINA SODICA MP T4;05295          ;;;;;
1728;THALASPHERES VIT C;;;;;;5.0
57009;THIOMUCASE MP;06149          ;;;;;
7970;TIBOLONA MP;08542          ;;;;;5.0
60665;TINT ALCACHOFRA;;;;;;4.5
42299;RHODIOLA ROSEA EXT SECO;;;0.5;;;
10859;THEACRINE;;;;;;4.84
10984;AC FOLICO 1:20;;;;20.0;AC FOLICO;
10863;MANGOSELECT?;;;;;;4.0
71316;TIOCONAZOL;08627          ;;;;;
56212;TIROSINA;08692          ;;0.49;;;
11430;LIFTONIN;;;;;;4.0
71638;TIZANIDINA HCL MP;08705          ;;0.38;;;5.0
10866;BIOTINA 1:10;;;0.37;10.0;BIOTINA MP;
21566;TOPIRAMATO;08776          ;;0.47;;;5.0
5414;TRAMADOL HCL;08807          ;;0.43;;;
1254;TRAZODONA HCL;08824          ;;;;;5.0
61712;TRIANCINOLONA MP;08853          ;;0.54;;;4.5
10964;AC RETINOICO 1:100;;;;100.0;AC RETINOICO;
9087;TRIBULUS TERRESTRIS;;;0.63;;;5.0
57137;LIOTIRONINA  SODICA MP T3;05338          ;;;;;5.5
57083;TRIPTOFANO;08947          ;;0.3;;;4.5
57060;TWEEN 80;07275          ;;;;;
57599;UREIA NAO USAR;01711          ;;;;;
12348;BUDESONIDA 1:10;;;;10.0;BUDESONIDA;
7515;URTIGA DIOICA;;;0.66;;;2.5
51445;BETAMETASONA 17 VALERATO;01219          ;;0.34;;;
61116;VALERIANA EXTRATO SECO.;;;0.55;;;
57952;VALINA;09076          ;;0.31;;;4.0
31343;VANADIO QUELADO#;;;0.56;263.15;;4.0
57666;VASELINA LIQUIDA;09388          ;;;;;
10947;SACHAROMYCES BOULARDII;;;;;;4.5
57678;VASELINA SOLIDA;09104          ;;0.86;;;
6690;VENLAFAXINA HCL;09113          ;;0.37;;;5.0
10876;CAP CLOROFILA 0 VERDE/VERDE;;;;;;4.0
23258;VIMPOCETINA;09141          ;;;;;4.0
57733;VIOFORMIO;02235          ;;;;;
57770;VIT A PO;07694          ;;0.52;1.2;;4.0
57769;VIT A  PALMITATO LIQUIDA;07695          ;;;;;
51238;VIT B1;08511          ;;0.51;;;
51240;VIT B12 MP;01984          ;;0.71;;;5.0
6187;VIT B12  1:100;01984          ;;0.55;100.0;VIT B12 MP;
56110;VIT B2;07701          ;;0.4;;;5.0
55580;VIT B6;07167          ;;0.58;;;
57782;VIT C REVESTIDA;00104          ;;0.83;;;5.0
51299;VIT D3   MP;02569          ;;;;;
57800;VIT E ACETATO PO;08717          ;;0.5;1.95;;
57794;VIT E  USO TOPICO;;;0.97;;;5.0
2056;FITOMENADIONA TOPICO - MP;04060          ;;;;;
3493;XILITOL;09209          ;;0.7;;;
10951;BASE SECOND SKIN;;;;;;3.5001
54379;IOIMBINA HCL;05001          ;;0.26;;;5.0
38007;CICLOPIROX OLAMINA;09336          ;;0.26;;;3.0
15374;ZINCO QUELADO;;;;3.0;;5.0
11303;BIOBLANC;;;;;;4.5
35760;D RIBOSE;;;0.76;;;4.0
3458;PROPOLIS TINT;;;;;;7.0
39650;CUREIT;;;0.66;;;5.5
24010;EXSYNUTRIMENT;;;0.69;;;5.0
32563;BUPROPIONA  HCL;01558          ;;0.47;;;5.0
32605;AC AZELAICO;;;0.32;;;5.0
33783;CIPROFIBRATO;02136          ;;0.39;;;3.5
35655;EMBLICA;;;;;;3.5
36073;EPICOR;;;;;;4.0
36083;ERVA BALEEIRA;;;0.3;;;
36804;ESTRADIOL BASE MP;03595          ;;;;;4.5
37343;CUCUMIS MELO EXT SECO;;;0.37;;;4.0
37891;TANSULOSINA HCL MP;08296          ;;0.54;;;
37882;CAP GELAT 0-VERDE/BRANCA;;;;;;4.5
37885;CAP GELAT 00-VERMELHA/BRANCA;;;;;;4.8
37890;CAP GELAT 2-BRANCA/BRA;;;;;;4.5
38400;CAP GELAT 3-ESCARLATE/BRANCA;;;;;;4.8
11259;ESTAGEL ESPESSANTE CREMES;;;;;;3.5
38503;CAP GELAT 00-LARANJA/BRANCA;;;;;;4.8
11318;CORDYCEPS SYNENSIS;;;;;;4.0
39050;CAP GELAT 00-VERDE /BRANCA;;;;;;4.5
40254;YAM MEXICANO;;;;;;3.5
40490;GENGIBRE EXT SECO;;;0.62;;;
40586;SLENDESTA;;;0.47;;;4.84
10963;IODO KELP MG;;;0.57;;;
41381;L CARNITINA L TARTARATO;;;0.69;;;
11124;MOBILEE;;;;;;3.5
41789;CRATAEGUS EXT SECO ACABOU#;;;0.72;;;4.0
42463;ELASTINA LIQUIDA#;;;;;;3.5
42654;HYAXEL;;;;;;4.5
42678;EPIMEDIUM ICARIIN;;;0.51;;;5.0
42813;AC HIALURONICO PO;;;0.43;;;5.0
42889;MULUNGU EXT SECO;;;0.3;;;
11125;TRACOLIMUS ACABOU;;;;50.0;;
42930;DEXAMETASONA BASE MP#;02817          ;;0.26;;;3.5
42966;ACAI ES;;;0.55;;;
42967;CAPSIATE;;;0.58;2.2;;4.8
43121;METAB;;;0.7;;;2.5
43235;PHOLIA NEGRA;;;0.39;;;
11783;MINOXIDIL BASE 1:20 INTERNO;;;0.66;20.0;MINOXIDIL BASE;5.0
11344;VITAMINA K2 OLEOSA   1:100;;;;100.0;(NÃO ENCONTRADO — revisar);
11335;ACRIBASE 27;;;;;;4.5
11423;SACHAROMYCES BOULARDII;;;;;;3.5
11431;GANODERMA LUCIDUM;;;;;;4.0
11436;METABISSULFITO SODIO 1:10;;;0.23;10.0;METABISSULFITO SODIO;
11800;PHYTOGEN;;;;;;2.18
11801;CITRIMAX;;;0.61;;;
11456;GOMA AC;;;0.37;;;
11458;VIT B12 1:50 OROTAB;;;;50.0;(NÃO ENCONTRADO — revisar);
11479;SYN EYE;;;;;;5.0
11495;NANO CELULITECH.;;;;;;3.5
11498;PENTRAVAN;;;;;;4.0
11499;TRICHOXIDIL;;;;;;4.0
11550;CINDURA;;;;;;3.5
11555;TRICHOSOL;;;;;;5.0
10645;VIT D3 1:100  CAP;;;0.51;100.0;(NÃO ENCONTRADO — revisar);
11849;DAPAGLIFOZINA;;;;;;5.0
11850;OLIGO HA;;;;;;4.84
13084;CROMINEX;;;;;;4.5
11600;CLORETO;;;;;;5.0
11611;TESTOSTERONA BASE 1:10;;;;10.0;TESTOSTERONA BASE;4.84
11625;T3 1:1000  LIOTIRONINA;;;0.45;1000.0;(NÃO ENCONTRADO — revisar);
11661;CINNACAN-CANELA SECO;;;0.45;;;2.0
11720;OL OLIVA;;;0.67;;;5.0
60373;DULOXETINA HCL;03263          ;;0.29;;;5.0
60430;CETILISTATE;;;;;;4.5
60546;CHOCOLATE;;;;;;8.0
60676;PREGABALINA;07343          ;;0.53;;;5.0
39250;BASE O;;;;;;5.0
62130;SEMENTE DE UVA EXT SECO;;;0.57;;;
42899;OL MENTA;;;;;;7.0
62992;MAGNOLIA OFFICINALIS;;;0.53;;;
62995;VINITROX;;;0.47;;;
63014;PADINACTIVE NUTRI POWDER;;;0.4;;;3.0
63053;LORCASERINA;;;;;;10.0
11299;BROCOLIS;;;0.63;;;
60723;ESMALTE BASE MP;;;;;;3.5
60775;NALTREXONA HCL;06213          ;;0.34;0.98;;4.5
60806;AC KOJICO DIPALMITATO;;;;;;3.5
60839;SALIX ALBA ES #;;;0.66;;;3.5
11571;IVERMECTINA;;;;;;10.0
60980;GLYCOXIL.;;;;;;4.0
11300;NAOH SOLU??O;;;;50.0;;
10842;BASE HIDRA FRESH #;;;;;;3.5
61576;VIT K2 ( MK-7);;;0.63;76.92;;
61672;PIPERINA;;;0.48;;;5.0
61770;CISSUS QUADRANGULARIS;;;0.53;;;4.85
61779;LONG JACK EXT SECO;;;0.86;;;
61927;GOJI BERRI ES #;;;0.64;;;3.5
61940;METILCOBALAMINA MP;05546          ;;0.55;;;4.84
61945;LACTOB REUTERI;;;0.51;;;5.0
61962;ANASTROZOL MP;00755          ;;;;;
62008;CP ORODISPERSIVEL BASE;;;;;;5.0
62033;CAFE VERDE;;;0.55;;;
11572;TOCOFEROIS (MIX);;;;3.23;;4.5
62489;B2COOL - COLAGENO TIPO II ?;;;0.631;;;4.5
62490;MAGNESIO GLICIL GLUTAMINA;;;0.31;;;
11150;METILFOLATO 1:25;;;0.35;25.0;METILFOLATO MP;
62780;ROSUVASTATINA CALCICA;07818          ;;0.29;;;4.0
62787;WELLMUNE;;;0.44;;;
64314;ESTANOZOLOL;03572          ;;;;;
64321;REGESTRIL;;;1.021;;;4.0
64414;MELATONINA/MP PURA;;;0.35;;;5.5
64424;EYE 3D;;;;;;4.5
64446;VALSARTANA;09085          ;;0.31;;;4.0
64448;FITASE;;;0.58;;;5.0
64486;PIRROLOQUINOLINA QUINONA;;;0.39;;;5.0
64694;FPS 30 UVA/UVB;;;;;;4.5
64696;PROTETOR SOLAR FPS 50 UVA/UVB;;;;;;3.5
64953;TENS UP;;;;;;4.0
65049;AROMA ABACAXI PO;;;0.86;;;
63153;OSTEOSIL;;;;;;2.0
65164;GINSENG SIBERIANO;;;0.47;;;
11151;FENSEBIONE;;;;;;4.5
65287;LIFTESSENCE;;;;;;4.5
65325;HIBISCUS EXTRATO SECO;;;0.33;;;5.0
65601;EXT GLIC ALECRIM;;;;;;5.0
65695;OL ESS  EUCALIPTO;;;;;;4.5
65729;BETA ALANINA;;;0.68;;;4.5
65739;CLORETO MAGNESIO;;;0.55;;;
65743;DENTE DE LEAO;;;0.54;;;
65751;FENO GREGO EXT SECO;;;0.61;;;5.0
65754;GINKGO BILOBA PO;;;0.66;;;
65758;HEXANICOTINATO INOSITOL;;;0.85;;;
65787;SER;;;0.4;;;3.5
63248;EQUINACEA EXT SECO;10713          ;;0.5;;;4.5
66270;MAGNESIO TREONATO;;;0.56;;;4.0
66328;PALATINOSE#;;;;;;3.5
63276;DUTASTERIDA MP;03270          ;;0.59;;;5.0
11512;PHENOGARD;;;;;;2.0
66607;VERISOL;;;0.4;;;4.0
66767;LACTOB GASSERI;;;0.77;;;5.0
66776;HYDROLIVE;;;;;;3.5
66853;AVEIA;;;;;;3.5
66921;LIPOHIDROXIACIDOS - LHA;;;;;;7.0
67109;CYANOTIS VAGA #;;;;;;3.0
67117;CACTUS OPUNTIA EMBRAFARMA;;;0.554;;;4.5
67506;MORL;;;0.55;;;5.0
11132;BETAMETASONA 17  1:10;;;;10.0;BETAMETASONA 17 VALERATO;
67590;FIBREGUM;;;0.45;;;5.0
63417;OLI OLA;;;0.71;;;4.5
63453;SYN AKE;;;;;;5.0
63573;OPALA POWDER;;;;;;4.5
63666;SUCUPIRA  EXT SECO;;;0.57;;;
63670;ALFA ARBUTIN;;;0.66;;;4.8
11886;CAPILIA LONGA;;;;;;2.0
63710;INULINA;;;0.63;;;
13433;BASE HRT;;;;;;4.0
63822;BASE OMEGA GOLD;;;;;;3.5
63932;ASTAXANTINA;;;0.65;2.0;;5.0
11426;PINETONINA ACABOU;;;;;;5.0
11477;BIFIDOBACTERIUM ADOLESCENTIS;;;0.43;;;5.0
11539;MENTRUZ;;;0.6;;;4.5
10878;CAP TAPIOCAPS 0 INCOLOR;;;;;;3.0
67821;BITTER MELON;;;0.64;;;3.5
67855;NUTRICOLIN;;;0.36;;;4.5
67856;CARTIDYSS;;;0.58;;;3.0
68099;HIDROVITON#;;;;;;3.0
68223;PHOSFATOR;;;;;;4.5
10630;AUXINIA TRICOGENA.. #;;;;;;5.0
10639;FATOR AFGF;;;;;;3.5
10441;AMORA EXT SECO;;;0.61;;;
10634;COLAGENO LIQUIDO#;;;;;;3.5
10640;METILFOLATO MP;;;0.35;;;
10642;PRO SLEEP;;;0.54;;;3.5
10652;BIFIDOBACTERIUM LONGUM;;;0.43;;;5.0
11870;GLISODIN;;;;;;4.0
10654;STREPTOC.THERMOPHILUS;;;0.73;;;5.0
10644;GREENSELECT PHYTOSOME;;;0.5;;;3.5
10674;MOLECULARE;;;;;;3.0
10670;METILCOBALAMINA  1:20;;;0.52;20.0;METILCOBALAMINA MP;4.5
10700;IDP2 PEPTIDEO;;;;;;4.5
10692;OLEA EUROPAEA;;;0.52;;;4.5
10707;KOUBO;;;0.33;;;4.5
10711;DESLORATADINA NAO TEM;;;0.45;;;4.0
10723;ALTILIX #;;;0.347;;;4.0
10721;NALT;;;0.55;;;3.5
10739;ACNE CONTROL;;;;;;3.5
10683;BASE ESMALTE;;;;;;5.0
10763;EVODIA EXT SECO;;;0.47;;;4.5
10547;WHEY PROTEIN;;;0.33;;;4.5
10569;CAFEINA ANIDRA;;;0.49;;;
10766;LAXOGENINA#;;;0.3;;;3.5
10769;ESPUMA;;;;;;4.5
10548;GEL ARISTOFLEX;;;0.97;;;4.5
10728;AGARICUS BRASILIENSIS;;;;;;4.5
10549;ESOMEPRAZOL PELLETS;;;0.78;11.46;;4.5
10738;MAGNESIO DIMALATO;;;0.64;;;5.5
10684;LACTOB PARACASEI;;;0.55;;;5.0
10550;POLYPODIUM LEUCOTOMO EXT SECO;;;0.45;;;
10554;LACTOB SALIVARIUS.;;;0.56;;;4.5
10551;VITIS VINIFERA EXT;;;0.55;;;
10879;QUERATINA PO HIDROLISADA;;;0.5;;;5.0
10555;BIFIDOBACTERIUM  BREVE;;;0.53;;;5.5
10570;LACTOB PLANTARUM;;;0.44;;;5.0
10772;CREME OIL FREE;;;;;;4.5
10525;CARBONATO DE CALCIO;;;0.63;1.01;;5.0
10556;SEDITOL;;;0.52;;;4.0
10778;BIFIDOBACTERIUM LACTIS;;;0.56;;;5.0
10538;AC TRANEXAMICO;;;0.8;;;5.0
10557;CONSERVAX BLEND PARABENOS#;;;1.1;;;3.5
10539;AC GLICOLICO;;;;;;4.0
10573;OAT LIPID;;;;;;4.5
10577;EXCIPIENTE BASE;;;0.54;;;2.5
10775;ESPESSANTE PARA SHAMPOO;;;;1.5;;
10574;FATOR BFGF;;;;;;3.5
10543;BASE EFERVESCENTE;;;0.63;;;4.0
10578;VIT B12 1:50;;;0.54;50.0;VIT B12 MP;
10579;PICOLINATO CROMO;;;0.55;100.0;;
10777;D;;;;2.0;;4.5
10561;LACTOB JHONSONII;;;0.56;;;5.0
10580;PICOLINATO DE CROMO      1:100;;;;100.0;PICOLINATO DE CROMO MP;
10584;PICOLINATO DE CROMO 1:100;;;;100.0;PICOLINATO DE CROMO MP;
10797;LACTOB HELVETICUS;;;0.51;;;5.5
12047;ESTRIOL 1:10;;;;10.0;ESTRIOL MP;
10806;RELORA;;;0.55;;;3.5
10617;ALCOOL ETILICO ABSOLUTO;;96.0;;;;
10735;PICOLINATO DE CROMO 1:100;;;;100.0;PICOLINATO DE CROMO MP;
10620;CREME CO;;;;;;3.5
10624;VIT D3   1:100 LIQUIDA;;;;100.0;(NÃO ENCONTRADO — revisar);4.0
10629;CREME LANETE;;;1.043;;;4.8
10622;CAP GELAT 1-ESCARLATE/BRANCA;;;;;;4.5
10668;EXCIPIENTE HIGROSCOPICO;;;0.2;;;2.5
10805;CLORETO DE SODIO;;;1.3;;;
10759;NUTRIPEPTIDES;;;;;;4.0
10813;BIFIDOBACTERIUM ANIMALIS.;;;0.53;;;5.0
10882;LUMINESCENCE;;;;;;4.0
10883;DESONIDA 1:10;;;;10.0;(NÃO ENCONTRADO — revisar);4.5
10884;VITAMINA K2 1:100/NAO USAR;;;0.33;100.0;(NÃO ENCONTRADO — revisar);7.0
11087;TCM PO;;;0.39;;;4.8
11138;SCELETIUM TORTUOS EXT SECO;;;0.34;;;
11152;NIKKOMIX CW;;;;;;3.5
11155;SNAP 8;;;;;;4.5
11156;HYANIF;;;;;;4.5
11159;AMISOL TRIO;;;;;;3.5
11212;DI INDOL METANO;;;0.42;;;4.5
11160;BIOSIL;;;;;;3.5
11216;HYANIFY;;;;;;3.5
11166;BASE OROTAB LIMAO;;;0.64;;;5.0
11241;LACTOB FERMENTUM.;;;;;;4.84
11250;D MANOSE;;;0.55;;;4.85
11254;DESVENLAFAXINA;09608          ;;;;;4.5
11262;DRENOW C;;;0.55;;;3.5
11359;SELENIOMETIONINA MCG;;;;101.0;;7.0
11354;TRICHOFOAM;;;;;;5.0
11251;MELATONINA 1:25;;;;25.0;(NÃO ENCONTRADO — revisar);
11175;DIGLOTHIN;;;0.44;;;4.0
11246;ASCOPHYLLUM NODOSUM;;;0.46;;;3.5
11285;MAGNESIO TAURATO;;;0.51;;;5.0
13099;DIMPLES;;;0.45;;;3.0
13103;AKKERMANCIA MUCINIPHILA/;;;;;;4.0
13100;SERENZO;;;;;;5.0
13101;MELATONINA VEGETAL/;;;0.53;;;4.0
13111;EXEMESTANO;03774          ;;;;;5.0
13119;FLUTAMIDA;;;;;;5.0
13141;FEMI;;;0.45;;;4.5
13145;OL ALGODAO;;;;;;4.5
13112;METHOTREXATE;05884          ;;;0.41;;4.5
13113;LIDOCAINA;11386          ;;;;;4.5
13123;NUTRICOLIN;;;;;;4.5
13126;MODULIP GC;;;;;;2.0
13155;CLONAPURE;;;;;;5.5
13153;PROHAIRIN;;;;;;4.5
13177;AMINOACIDOS DA SEDA;;;;;;5.0
13173;AC D ASPARTICO;;;;;;5.0
13181;CREME COLD CREAM;;;;;;5.5
13185;SOLU?AO ORAL;;;;;;5.0
13205;EMPAGLIFOZINA;;;;;;4.5
13241;ROBUVIT;;;;;;3.0
13259;GESTRINONA;04434          ;;;1.2;;3.84
13264;MOTILITY;;;0.72;;;3.0
13268;GLUCOVANTAGE;;;;;;4.0
13269;D PANTENOL 50%;;;;2.0;;
11888;NUTRI GLOSS;;;;;;4.84
11670;CURCUMA LONGA;;;0.25;;;5.0
11749;OCIBEST;;;;;;3.5
11743;ITC SLIM#;;;;;;3.5
11972;KELP IODINE MCG 1:10;;;;10.0;KELP IODINE MP MCG;
11896;ESTRADIOL BASE 1:10;;;;10.0;ESTRADIOL BASE MP;
13115;COREBIONE;;;;;;4.5
13219;CITALOPRAM;02162          ;;;;;
13302;METHIOSILANE C;;;;;;4.5
13318;BAICAPIL;;;;;;2.0
13327;AC FOLINICO;;;;;;5.0
13330;AC FOLINICO 1:10;;;;10.0;AC FOLINICO;
13337;DRONE GLIAMATRIX;;;;;;5.0
12024;CAP GELAT 0 ROSA/BRANCA;;;;;;4.8
12027;T4 1:1000(LEVOTIROXINA);;;0.45;1000.0;(NÃO ENCONTRADO — revisar);
13345;GESTRINONA 1:20;;;;20.0;GESTRINONA;
13396;GLUCOVANTAGE;;;;;;4.0
13401;METILCOBALAMINA 1:20 LIQUIDA;;;;20.0;METILCOBALAMINA MP;
13402;METILFOLATO 1:20 LIQUIDA;;;;20.0;METILFOLATO MP;
12067;ACIDO URSODESOXICOLICO;;;0.47;;;5.0
12071;ALPROSTADIL;;;;;;4.84
12076;17 ALFA ESTRADIOL 1:50;;;;50.0;(NÃO ENCONTRADO — revisar);
12098;OL COCO;;;;;;6.0
12100;OMEGA 3 VEGANO PO;;;0.62;;;
12134;CREME HIDRALOTION;;;;;;4.5
12148;HERBATONIN#;;;;;;4.0
12174;TINT RINITE/SINUSITE#;;;;;;5.0
12189;DERMASPHERES;;;;;;5.0
12164;ALFA GALACTOSIDADE;;;;;;4.5
12192;REALLAGEN LIQUIDO;;;;;;5.0
12225;D-CHIRO INOSITOL;;;0.53;;;4.5
12207;BETA GLUCANA;;;0.49;;;
12277;STOMAZIC;;;;;;5.0
12278;ESTROGENOS CONJUGADOS;;;;;;4.5
11687;ANASTROZOL 1:100;;;;100.0;ANASTROZOL MP;
12330;MUNAPSYS;;;;;;3.5
12298;ZEMBRIM;;;;;;4.0
12373;CHA MELISSA;;;;;;7.0
12362;EZETIMIBE 1:5;;;;5.0;EZETIMIBE;
12417;NATTOKINASE;;;0.47;;;4.84
12419;LACTOCOCCUS LACTIS;;;0.51;;;5.0
13201;LARANJA MORO;;;0.4;;;4.0
12457;QUETIAPINA FUMARATO;07539          ;;;;;
12578;OCITOCINA 1:10;;;;10.0;OCITOCINA MP;2.0
12584;METABODY;;;;;;4.0
12585;ONDANSETRONA;;;;;;4.5
12587;SERUM BASE;;;;;;4.2399
12600;FINASTERIDA 1:10;;;;10.0;FINASTERIDA MP;
12602;ANSILESS;;;;;;4.0
13276;KELP IODINE MP MCG;;;0.45;2.0;;
13305;AC R ALFA LIPOICO;;;;;;4.5
13277;KELP IODINE MCG 1:10;;;;10.0;KELP IODINE MP MCG;
12641;PIGEUM AFRICANO;;;0.47;;;
12647;TIMOL;;;;;;4.0
12673;METILTESTOSTERONA;05832          ;;0.35;;;5.0
12731;CACTIX;;;0.55;;;4.5
12400;CAP ENTERICA 1 INCOLOR;;;;;;3.0
12500;EXCIPIENTE LIBERA?AO LENTA;;;0.54;;;
13374;BIO RESTORE;;;;;;4.5
12739;DUTASTERIDA 1:10;;;;10.0;DUTASTERIDA MP;
12740;TANSULOSINA 1:10;;;;10.0;TANSULOSINA HCL MP;
12766;CAP GELAT 3-ESCAR;;;;;;4.8
12790;OL SEMENTE ABOBORA;;;0.92;;;
12793;MITBURN #;;;0.6;;;3.0
12841;RED YEAST RICE;;;0.55;;;
12814;DEFLAZACORT 1:10;;;0.53;10.0;DEFLAZACORT;
12862;XAROPE SUSPENS?O;;;;;;2.0
12882;ACTRISAVE;;;0.36;;;4.0
12885;SELENIOMETIONINA MG;;;;;;7.0
12891;GOMA GUAR;;;0.63;;;
12897;PIZOTIFENO MALATO;;;0.27;;;
12329;CETOTIFENO FUMARATO..;;;;;;1.5
12908;ORA PRO NOBIS;;;0.55;;;2.5
12954;UXI AMARELO;;;0.53;;;
12969;BERGAVIT;;;;;;4.0
13335;LUTEOLINA;;;;;;5.0
13000;MOROSIL;;;0.65;;;5.5
13014;PEA(PALMITOILETANOLAMIDA);;;0.48;;;5.0
13034;HERBATONIN;;;;;;4.0
13283;VIT B;;;;20.0;;
13073;LIPOFER#;;;;;;2.5
13081;VIT C LIPOSSOMAL;;;;;;7.0
13272;RESVITECH;;;;;;4.0
12983;BUMETAMIDA 1:10;;;;10.0;BUMETAMIDA;
